id,hashtag_names
7165362671733198123,transylvania3000
7197637465904008453,donates
7200971875697036590,superfly
7202261849885396270,conservativemomsoftiktok
7205590656188681478,donates
7206893446781553926,donates
7207205107111382318,tophotels
7207725725468658950,bulbousperennials
7210731375236795653,trift
7217091052010868010,adultsonlycruise
7222853815299624235,superfly
7223457488522333483,bulbousperennials
7223804569833180462,abercrombiebodysuit
7224044795113540890,trift
7224272259404418347,superfly
7224659176415415595,bulbousperennials
7227186162719378731,adultsonlycruise
7228966641944595755,adultsonlycruise
7236719179812834587,statementnecklaces
7249692515094383914,donates
7256232381718334763,adultsonlycruise
7258244591529348395,donates
7272708568099360043,donates
